Setup title,"I/V Sweep_check"
Classic test name,"I/V Sweep"
Test date,3/15/2023
Test time,18:27:13
Device ID,3
Count,32
Flags,
Remarks,
Context.MainFrame,B1500A
Channel.UnitType,SMU,SMU
Channel.Unit,SMU3:HR,SMU4:HR
Channel.IName,I1,l2
Channel.VName,V1,V2
Channel.Mode,V,COMMON
Channel.Func,VAR1,CONST
Channel.Index,
Channel.Time,
Measurement.Port.Unit,SMU3:HR,SMU4:HR
Measurement.Port.SeriesResistor,NONE,NONE
Measurement.Port.Filter,ON,ON
Measurement.Port.OutputVoltageComparison,0,0
Measurement.Primary.Locus,Double
Measurement.Primary.Scale,LINEAR
Measurement.Primary.Start,0
Measurement.Primary.Stop,2
Measurement.Primary.Step,0.01
Measurement.Primary.Compliance,5E-05
Measurement.Primary.PowerCompliance,0
Measurement.Aborting.Condition,"CONTINUE AT ANY"
Measurement.PostOutput.Value,START
Measurement.PostOutput.Retention,OFF
Measurement.Bias.Source,0,0
Measurement.Bias.Compliance,5E-05,0.1
Measurement.Monitor.Unit,SMU3:HR,SMU4:HR
Measurement.Monitor.Adc,"HR ADC","HR ADC"
Measurement.Monitor.Measurement,"Compliance Side","Compliance Side"
Measurement.Monitor.RangingMode,LIMITED,LIMITED
Measurement.Monitor.RangeBoundary,1nA,1nA
Measurement.Monitor.RangeRating,"BY FULL RANGE","BY FULL RANGE"
Measurement.Monitor.RangeRatingCoeff,50,50
Measurement.Timing.Hold,0
Measurement.Timing.Delay,0
Measurement.Adc.HighSpeed.Mode,PLC
Measurement.Adc.HighSpeed.Coeff,10
Measurement.Adc.HighResolution.AutoZero,OFF
Measurement.Adc.HighResolution.Mode,PLC
Measurement.Adc.HighResolution.Coeff,10
Measurement.WaitTime.Source.Coeff,1
Measurement.WaitTime.Source.Offset,0
Measurement.WaitTime.Monitor.Coeff,1
Measurement.WaitTime.Monitor.Offset,0
Output.Graph.Enabled,true
Output.Graph.AutoScaling,false
Output.Graph.XAxis.Data,V1
Output.Graph.XAxis.Scale,Linear
Output.Graph.XAxis.Left,-1
Output.Graph.XAxis.Right,1
Output.Graph.XAxis.RunTimeAutoScale,true
Output.Graph.YAxis.Data,I1
Output.Graph.YAxis.Scale,Linear
Output.Graph.YAxis.Bottom,-0.1
Output.Graph.YAxis.Top,0.1
Output.Graph.YAxis.Group,
Output.Graph.YAxis.RunTimeAutoScale,true
AutoAnalysis.Interpolation,false
AutoAnalysis.Line1.Enabled,false
AutoAnalysis.Line1.Type,1
AutoAnalysis.Line1.Fix,True
AutoAnalysis.Line1.YAxis,0
AutoAnalysis.Line1.Point1.Type,0
AutoAnalysis.Line1.Point1.XY.X,
AutoAnalysis.Line1.Point1.XY.Y,
AutoAnalysis.Line1.Point1.Data.Var,
AutoAnalysis.Line1.Point1.Data.Condition,
AutoAnalysis.Line1.Point1.Data.Start,false
AutoAnalysis.Line1.Point1.Data.StartVar,
AutoAnalysis.Line1.Point1.Data.StartCondition,
AutoAnalysis.Line1.Point2.Type,0
AutoAnalysis.Line1.Point2.XY.X,
AutoAnalysis.Line1.Point2.XY.Y,
AutoAnalysis.Line1.Point2.Data.Var,
AutoAnalysis.Line1.Point2.Data.Condition,
AutoAnalysis.Line1.Point2.Data.Start,false
AutoAnalysis.Line1.Point2.Data.StartVar,
AutoAnalysis.Line1.Point2.Data.StartCondition,
AutoAnalysis.Line1.GradientExpr,0
AutoAnalysis.Line2.Enabled,false
AutoAnalysis.Line2.Type,1
AutoAnalysis.Line2.Fix,True
AutoAnalysis.Line2.YAxis,0
AutoAnalysis.Line2.Point1.Type,0
AutoAnalysis.Line2.Point1.XY.X,
AutoAnalysis.Line2.Point1.XY.Y,
AutoAnalysis.Line2.Point1.Data.Var,
AutoAnalysis.Line2.Point1.Data.Condition,
AutoAnalysis.Line2.Point1.Data.Start,false
AutoAnalysis.Line2.Point1.Data.StartVar,
AutoAnalysis.Line2.Point1.Data.StartCondition,
AutoAnalysis.Line2.Point2.Type,0
AutoAnalysis.Line2.Point2.XY.X,
AutoAnalysis.Line2.Point2.XY.Y,
AutoAnalysis.Line2.Point2.Data.Var,
AutoAnalysis.Line2.Point2.Data.Condition,
AutoAnalysis.Line2.Point2.Data.Start,false
AutoAnalysis.Line2.Point2.Data.StartVar,
AutoAnalysis.Line2.Point2.Data.StartCondition,
AutoAnalysis.Line2.GradientExpr,0
AutoAnalysis.Marker.Enabled,false
AutoAnalysis.Marker.Data.Var,
AutoAnalysis.Marker.Data.Condition,
AutoAnalysis.Marker.Data.Start,false
AutoAnalysis.Marker.Data.StartVar,
AutoAnalysis.Marker.Data.StartCondition,
V1,I1
0,-3.7E-13
0.01,-4.4E-13
0.02,1.2E-13
0.03,-5E-14
0.04,-2.3E-13
0.05,4.6E-13
0.06,-3.8E-13
0.07,5.3E-13
0.08,-1.5E-13
0.09,5.9E-13
0.1,-2.9E-13
0.11,-2.7E-13
0.12,4.7E-13
0.13,-3E-14
0.14,1.7E-13
0.15,3.2E-13
0.16,-4.2E-13
0.17,5.3E-13
0.18,-2.1E-13
0.19,-2.6E-13
0.2,4.9E-13
0.21,-3.6E-13
0.22,6.1E-13
0.23,-1.2E-13
0.24,-1.9E-13
0.25,4.7E-13
0.26,-4.7E-13
0.27,4.3E-13
0.28,-2E-14
0.29,-1E-13
0.3,6.1E-13
0.31,-4.6E-13
0.32,4.5E-13
0.33,-4.9E-13
0.34,5.4E-13
0.35,-3.1E-13
0.36,4.8E-13
0.37,-3.2E-13
0.38,5.8E-13
0.39,-1.3E-13
0.4,4.7E-13
0.41,-4.3E-13
0.42,8.9E-13
0.43,-1.5E-13
0.44,-1E-13
0.45,5.4E-13
0.46,-4E-13
0.47,2.7E-13
0.48,-3.1E-13
0.49,6.2E-13
0.5,-2.7E-13
0.51,3.3E-13
0.52,3E-13
0.53,-3.7E-13
0.54,5.7E-13
0.55,-2.5E-13
0.56,6.6E-13
0.57,-3.2E-13
0.58,4.6E-13
0.59,2E-13
0.6,4.4E-13
0.61,-3.7E-13
0.62,6.3E-13
0.63,-3E-13
0.64,-8E-14
0.65,5.8E-13
0.66,-5.1E-13
0.67,3.2E-13
0.68,-7E-14
0.69,-2E-13
0.7,5.2E-13
0.71,-3.9E-13
0.72,3.6E-13
0.73,-4.6E-13
0.74,4.8E-13
0.75,-4.1E-13
0.76,3.4E-13
0.77,-7E-14
0.78,-8E-14
0.79,5.9E-13
0.8,-4.1E-13
0.81,4.4E-13
0.82,-4E-14
0.83,-1.6E-13
0.84,4.9E-13
0.85,-3.3E-13
0.86,3.5E-13
0.87,-4.6E-13
0.88,4.3E-13
0.89,-4.3E-13
0.9,3.9E-13
0.91,-9E-14
0.92,-1E-13
0.93,6.4E-13
0.94,-3.6E-13
0.95,3.6E-13
0.96,1.2E-13
0.97,-3.3E-13
0.98,8.4E-13
0.99,-1E-14
1,-2E-14
1.01,5.7E-13
1.02,-3E-13
1.03,2.8E-13
1.04,-3.1E-13
1.05,5.9E-13
1.06,-3.9E-13
1.07,4.99935E-05
1.08,4.99933E-05
1.09,4.99932E-05
1.1,4.99932E-05
1.11,4.99932E-05
1.12,4.99931E-05
1.13,4.99932E-05
1.14,4.99932E-05
1.15,4.99932E-05
1.16,4.99932E-05
1.17,4.99932E-05
1.18,4.99932E-05
1.19,4.99932E-05
1.2,4.99932E-05
1.21,4.99932E-05
1.22,4.99933E-05
1.23,4.99932E-05
1.24,4.99932E-05
1.25,4.99932E-05
1.26,4.99932E-05
1.27,4.99931E-05
1.28,4.99932E-05
1.29,4.99932E-05
1.3,4.99932E-05
1.31,4.99931E-05
1.32,4.99932E-05
1.33,4.99932E-05
1.34,4.99933E-05
1.35,4.99932E-05
1.36,4.99933E-05
1.37,4.99932E-05
1.38,4.99932E-05
1.39,4.99933E-05
1.4,4.99932E-05
1.41,4.99932E-05
1.42,4.99933E-05
1.43,4.99932E-05
1.44,4.99932E-05
1.45,4.99932E-05
1.46,4.99932E-05
1.47,4.99932E-05
1.48,4.99933E-05
1.49,4.99933E-05
1.5,4.99932E-05
1.51,4.99932E-05
1.52,4.99932E-05
1.53,4.99932E-05
1.54,4.99932E-05
1.55,4.99933E-05
1.56,4.99933E-05
1.57,4.99933E-05
1.58,4.99932E-05
1.59,4.99932E-05
1.6,4.99933E-05
1.61,4.99932E-05
1.62,4.99933E-05
1.63,4.99932E-05
1.64,4.99932E-05
1.65,4.99933E-05
1.66,4.99932E-05
1.67,4.99933E-05
1.68,4.99933E-05
1.69,4.99933E-05
1.7,4.99933E-05
1.71,4.99932E-05
